"","lga","lat","lon","state_id","lga_name","c_lga","size","c_lat","c_lon","dist"
"1","10050",-36.01494172,146.95684397,"1","Albury (C)","17200",30,-33.88762608,151.20426565,454.040145926837
"2","10110",-30.58123858,151.87485213,"1","Armidale Dumaresq (A)","17200",30,-33.88762608,151.20426565,372.053291242584
"3","10150",-33.88860879,151.13142408,"1","Ashfield (A)","17200",30,-33.88762608,151.20426565,6.7391441247327
"4","10200",-33.854303215,151.04812421,"1","Auburn (C)","17200",30,-33.88762608,151.20426565,14.9121981717864
"5","10250",-28.85273249,153.485678755,"1","Ballina (A)","17200",30,-33.88762608,151.20426565,598.901210000779
"6","10300",-34.04406181,143.57079464,"1","Balranald (A)","17200",30,-33.88762608,151.20426565,705.548553921109
"7","10350",-33.92383697,151.020753985,"1","Bankstown (C)","17200",30,-33.88762608,151.20426565,17.4411730449901
"8","10470",-33.47309668,149.51956125,"1","Bathurst Regional (A)","17200",30,-33.88762608,151.20426565,162.844684051631
"9","10550",-36.81645839,149.72059821,"1","Bega Valley (A)","17200",30,-33.88762608,151.20426565,351.804126430998
"10","10600",-30.37394254,152.724922255,"1","Bellingen (A)","17200",30,-33.88762608,151.20426565,415.193333037156
"11","10650",-35.751916545,145.669841775,"1","Berrigan (A)","17200",30,-33.88762608,151.20426565,546.833188117069
"12","10750",-33.74015952,150.86252712,"1","Blacktown (C)","17200",30,-33.88762608,151.20426565,35.6179984583784
"13","10800",-33.919041155,146.927172,"1","Bland (A)","17200",30,-33.88762608,151.20426565,395.572158869179
"14","10850",-33.616531255,149.13046309,"1","Blayney (A)","17200",30,-33.88762608,151.20426565,194.477596562106
"15","10900",-33.63202822,150.412930625,"1","Blue Mountains (C)","17200",30,-33.88762608,151.20426565,78.6028656889467
"16","10950",-31.570121885,146.906164205,"1","Bogan (A)","17200",30,-33.88762608,151.20426565,477.815113975069
"17","11000",-36.91100803,148.952737265,"1","Bombala (A)","17200",30,-33.88762608,151.20426565,392.844536759522
"18","11050",-34.28789584,148.842326495,"1","Boorowa (A)","17200",30,-33.88762608,151.20426565,222.452581069263
"19","11100",-33.946600035,151.19873864,"1","Botany Bay (C)","17200",30,-33.88762608,151.20426565,6.56138051376699
"20","11150",-29.99584324,145.36159232,"1","Bourke (A)","17200",30,-33.88762608,151.20426565,700.780594054767
"21","11200",-29.95054554,147.147601405,"1","Brewarrina (A)","17200",30,-33.88762608,151.20426565,581.071659418554
"22","11250",-31.95146712,141.478186545,"1","Broken Hill (C)","17200",30,-33.88762608,151.20426565,934.344561267456
"23","11300",-33.885365155,151.10481931,"1","Burwood (A)","17200",30,-33.88762608,151.20426565,9.20294767687763
"24","11350",-28.613347895,153.48406816,"1","Byron (A)","17200",30,-33.88762608,151.20426565,623.743085562833
"25","11400",-33.11075906,148.82694091,"1","Cabonne (A)","17200",30,-33.88762608,151.20426565,237.11045954249
"26","11450",-34.016104835,150.72521592,"1","Camden (A)","17200",30,-33.88762608,151.20426565,46.5184884490592
"27","11500",-34.07389754,150.838770975,"1","Campbelltown (C)","17200",30,-33.88762608,151.20426565,39.5924897988484
"28","11520",-33.84855028,151.121432435,"1","Canada Bay (A)","17200",30,-33.88762608,151.20426565,8.80500497409333
"29","11550",-33.922294195,151.096888735,"1","Canterbury (C)","17200",30,-33.88762608,151.20426565,10.6495291960736
"30","11600",-33.625704785,145.425235775,"1","Carrathool (A)","17200",30,-33.88762608,151.20426565,536.128464621805
"31","11700",-31.77154872,143.625688895,"1","Central Darling (A)","17200",30,-33.88762608,151.20426565,747.168838382092
"32","11720",-32.89390757,151.21233901,"1","Cessnock (C)","17200",30,-33.88762608,151.20426565,110.217312334336
"33","11730",-29.694435505,152.78156416,"1","Clarence Valley (A)","17200",30,-33.88762608,151.20426565,488.340170547755
"34","11750",-31.96612886,145.36063566,"1","Cobar (A)","17200",30,-33.88762608,151.20426565,586.51118158889
"35","11800",-30.17293967,153.032625105,"1","Coffs Harbour (C)","17200",30,-33.88762608,151.20426565,446.628806028521
"36","11860",-35.233868715,144.823490945,"1","Conargo (A)","17200",30,-33.88762608,151.20426565,604.202178735771
"37","12000",-34.60046325,147.13707117,"1","Coolamon (A)","17200",30,-33.88762608,151.20426565,382.89203864582
"38","12050",-36.13466717,149.070646205,"1","Cooma-Monaro (A)","17200",30,-33.88762608,151.20426565,316.319521076284
"39","12150",-30.867139055,148.290530355,"1","Coonamble (A)","17200",30,-33.88762608,151.20426565,432.819399286332
"40","12200",-34.587569555,148.02042362,"1","Cootamundra (A)","17200",30,-33.88762608,151.20426565,303.403516656575
"41","12300",-35.817039705,146.32747778,"1","Corowa Shire (A)","17200",30,-33.88762608,151.20426565,494.609113239748
"42","12350",-33.81137887,148.783458735,"1","Cowra (A)","17200",30,-33.88762608,151.20426565,224.193731321391
"43","12500",-35.52908082,144.97316592,"1","Deniliquin (A)","17200",30,-33.88762608,151.20426565,599.044614798378
"44","12600",-32.269798055,148.69571717,"1","Dubbo (C)","17200",30,-33.88762608,151.20426565,295.031675890356
"45","12700",-32.346189165,151.611220465,"1","Dungog (A)","17200",30,-33.88762608,151.20426565,175.123188399745
"46","12750",-35.93307465,149.92780384,"1","Eurobodalla (A)","17200",30,-33.88762608,151.20426565,255.140757512524
"47","12850",-33.867420725,150.901049645,"1","Fairfield (C)","17200",30,-33.88762608,151.20426565,28.1420583049596
"48","12900",-33.378983585,147.8644756,"1","Forbes (A)","17200",30,-33.88762608,151.20426565,314.943631531338
"49","12950",-31.63297324,148.7035496,"1","Gilgandra (A)","17200",30,-33.88762608,151.20426565,342.655537130318
"50","13010",-29.63115906,151.939567635,"1","Glen Innes Severn (A)","17200",30,-33.88762608,151.20426565,477.077383467054
"51","13050",-31.8878886,151.77597944,"1","Gloucester (A)","17200",30,-33.88762608,151.20426565,228.135301055101
"52","13100",-33.340299505,151.234550045,"1","Gosford (C)","17200",30,-33.88762608,151.20426565,60.7719833383215
"53","13310",-34.902495695,149.90199803,"1","Goulburn Mulwaree (A)","17200",30,-33.88762608,151.20426565,164.356249031328
"54","13320",-32.387839555,152.110353265,"1","Great Lakes (A)","17200",30,-33.88762608,151.20426565,186.587211736632
"55","13340",-35.758369205,147.19731192,"1","Greater Hume Shire (A)","17200",30,-33.88762608,151.20426565,421.188575154791
"56","13380",-31.804911375,152.27954314,"1","Greater Taree (C)","17200",30,-33.88762608,151.20426565,251.953391422352
"57","13450",-34.3344757,146.022946705,"1","Griffith (C)","17200",30,-33.88762608,151.20426565,480.560162059441
"58","13500",-35.026230875,148.13457432,"1","Gundagai (A)","17200",30,-33.88762608,151.20426565,309.033460421387
"59","13550",-31.024041105,150.11547694,"1","Gunnedah (A)","17200",30,-33.88762608,151.20426565,333.642506696612
"60","13650",-30.17580568,151.67893824,"1","Guyra (A)","17200",30,-33.88762608,151.20426565,414.027820287901
"61","13660",-29.49806226,150.53813099,"1","Gwydir (A)","17200",30,-33.88762608,151.20426565,490.798149543039
"62","13700",-34.628742585,148.405720305,"1","Harden (A)","17200",30,-33.88762608,151.20426565,270.538982115631
"63","13800",-33.340781665,150.783005105,"1","Hawkesbury (C)","17200",30,-33.88762608,151.20426565,72.1601605540737
"64","13850",-34.157305955,144.580278445,"1","Hay (A)","17200",30,-33.88762608,151.20426565,612.417401401811
"65","13950",-33.827494495,150.96079899,"1","Holroyd (C)","17200",30,-33.88762608,151.20426565,23.4966076344766
"66","14000",-33.58314518,151.1095241,"1","Hornsby (A)","17200",30,-33.88762608,151.20426565,34.8948576368557
"67","14100",-33.829846195,151.15351178,"1","Hunters Hill (A)","17200",30,-33.88762608,151.20426565,7.94561569799501
"68","14150",-33.96665614,151.07609352,"1","Hurstville (C)","17200",30,-33.88762608,151.20426565,14.740985713965
"69","14200",-29.31525817,151.041867425,"1","Inverell (A)","17200",30,-33.88762608,151.20426565,507.218670066219
"70","14250",-35.2229944,145.782716975,"1","Jerilderie (A)","17200",30,-33.88762608,151.20426565,519.084990326431
"71","14300",-34.815179785,147.631311295,"1","Junee (A)","17200",30,-33.88762608,151.20426565,344.423632653199
"72","14350",-30.90553087,152.68607984,"1","Kempsey (A)","17200",30,-33.88762608,151.20426565,358.868395942876
"73","14400",-34.69556602,150.732542845,"1","Kiama (A)","17200",30,-33.88762608,151.20426565,99.5911465660845
"74","14450",-33.981098165,151.104758275,"1","Kogarah (C)","17200",30,-33.88762608,151.20426565,13.8613387732879
"75","14500",-33.727005805,151.14877168,"1","Ku-ring-gai (A)","17200",30,-33.88762608,151.20426565,18.5420118969114
"76","14550",-28.646434315,152.778712335,"1","Kyogle (A)","17200",30,-33.88762608,151.20426565,600.119943455954
"77","14600",-32.79998407,146.875556385,"1","Lachlan (A)","17200",30,-33.88762608,151.20426565,420.583503248406
"78","14650",-33.03755925,151.534698495,"1","Lake Macquarie (C)","17200",30,-33.88762608,151.20426565,99.1608460466892
"79","14700",-33.823210995,151.170274385,"1","Lane Cove (A)","17200",30,-33.88762608,151.20426565,7.80668965774377
"80","14750",-34.529668165,146.269186705,"1","Leeton (A)","17200",30,-33.88762608,151.20426565,460.301335392679
"81","14800",-33.867806575,151.17056971,"1","Leichhardt (A)","17200",30,-33.88762608,151.20426565,3.81462398266664
"82","14850",-28.793555335,153.261919185,"1","Lismore (C)","17200",30,-33.88762608,151.20426565,597.743113419865
"83","14870",-33.32024995,150.18584138,"1","Lithgow (C)","17200",30,-33.88762608,151.20426565,113.55310284016
"84","14900",-33.95256229,150.80586648,"1","Liverpool (C)","17200",30,-33.88762608,151.20426565,37.5379379814325
"85","14920",-31.4702418,150.420003505,"1","Liverpool Plains (A)","17200",30,-33.88762608,151.20426565,277.989743842137
"86","14950",-35.32192667,146.79354096,"1","Lockhart (A)","17200",30,-33.88762608,151.20426565,434.683045010776
"87","15050",-32.708096165,151.571526545,"1","Maitland (C)","17200",30,-33.88762608,151.20426565,135.219045073126
"88","15150",-33.80090278,151.269832,"1","Manly (A)","17200",30,-33.88762608,151.20426565,11.3734864152332
"89","15200",-33.91040956,151.15508536,"1","Marrickville (A)","17200",30,-33.88762608,151.20426565,5.20373205030396
"90","15270",-32.602016965,149.76748283,"1","Mid-Western Regional (A)","17200",30,-33.88762608,151.20426565,195.595969183807
"91","15300",-29.321310615,149.581213395,"1","Moree Plains (A)","17200",30,-33.88762608,151.20426565,529.196813570847
"92","15350",-33.828455995,151.24865699,"1","Mosman (A)","17200",30,-33.88762608,151.20426565,7.74270855963356
"93","15500",-35.708097555,144.83362877,"1","Murray (A)","17200",30,-33.88762608,151.20426565,616.830882575121
"94","15550",-34.6713042,145.70381579,"1","Murrumbidgee (A)","17200",30,-33.88762608,151.20426565,513.823670046026
"95","15650",-32.48935281,150.69838885,"1","Muswellbrook (A)","17200",30,-33.88762608,151.20426565,162.095242910647
"96","15700",-30.708290325,152.710246515,"1","Nambucca (A)","17200",30,-33.88762608,151.20426565,380.011364806444
"97","15750",-30.32779306,149.602427135,"1","Narrabri (A)","17200",30,-33.88762608,151.20426565,422.687651839718
"98","15800",-34.591073855,146.531975955,"1","Narrandera (A)","17200",30,-33.88762608,151.20426565,437.406283996276
"99","15850",-32.23173704,147.975906,"1","Narromine (A)","17200",30,-33.88762608,151.20426565,352.994919668068
"100","15900",-32.87628005,151.7084295,"1","Newcastle (C)","17200",30,-33.88762608,151.20426565,121.583749701793
"101","15950",-33.834224925,151.210188,"1","North Sydney (A)","17200",30,-33.88762608,151.20426565,5.94854741149631
"102","16100",-33.845311355,149.817943215,"1","Oberon (A)","17200",30,-33.88762608,151.20426565,128.360017732697
"103","16150",-33.328345465,149.1229405,"1","Orange (C)","17200",30,-33.88762608,151.20426565,202.873124008832
"104","16180",-35.455707285,149.673518785,"1","Palerang (A)","17200",30,-33.88762608,151.20426565,223.471379921526
"105","16200",-32.82317834,148.025137775,"1","Parkes (A)","17200",30,-33.88762608,151.20426565,318.56520157098
"106","16250",-33.823232445,151.01594482,"1","Parramatta (C)","17200",30,-33.88762608,151.20426565,18.8342703794421
"107","16350",-33.747727585,150.705770765,"1","Penrith (C)","17200",30,-33.88762608,151.20426565,48.6902930497077
"108","16370",-33.64330049,151.276529405,"1","Pittwater (A)","17200",30,-33.88762608,151.20426565,27.9147302010411
"109","16380",-31.421059915,152.51915672,"1","Port Macquarie-Hastings (A)","17200",30,-33.88762608,151.20426565,300.058070723256
"110","16400",-32.7285472,151.899521665,"1","Port Stephens (A)","17200",30,-33.88762608,151.20426565,143.936885592465
"111","16470",-35.419646095,149.228378115,"1","Queanbeyan (C)","17200",30,-33.88762608,151.20426565,248.369000239376
"112","16550",-33.945716895,151.240237505,"1","Randwick (C)","17200",30,-33.88762608,151.20426565,7.25148598010213
"113","16610",-29.02684029,153.08625056,"1","Richmond Valley (A)","17200",30,-33.88762608,151.20426565,567.824214886258
"114","16650",-33.96610861,151.143422735,"1","Rockdale (C)","17200",30,-33.88762608,151.20426565,10.3649744092425
"115","16700",-33.801487835,151.112048895,"1","Ryde (C)","17200",30,-33.88762608,151.20426565,12.8113851292678
"116","16900",-34.5902762,150.77119643,"1","Shellharbour (C)","17200",30,-33.88762608,151.20426565,87.5599840496555
"117","16950",-35.141619665,150.412953905,"1","Shoalhaven (C)","17200",30,-33.88762608,151.20426565,156.939744154423
"118","17000",-32.60546647,150.91872437,"1","Singleton (A)","17200",30,-33.88762608,151.20426565,144.670995095986
"119","17050",-36.302741445,148.685764655,"1","Snowy River (A)","17200",30,-33.88762608,151.20426565,352.852270970001
"120","17100",-33.879779945,151.075615215,"1","Strathfield (A)","17200",30,-33.88762608,151.20426565,11.9332923692616
"121","17150",-34.072014825,151.077112465,"1","Sutherland Shire (A)","17200",30,-33.88762608,151.20426565,23.58756718845
"122","17200",-33.88762608,151.20426565,"1","Sydney (C)","17200",30,-33.88762608,151.20426565,0
"123","17310",-30.922043375,150.81525952,"1","Tamworth Regional (A)","17200",30,-33.88762608,151.20426565,330.894332532733
"124","17350",-34.38313638,147.47917773,"1","Temora (A)","17200",30,-33.88762608,151.20426565,347.941722590474
"125","17400",-28.83835779,151.99840888,"1","Tenterfield (A)","17200",30,-33.88762608,151.20426565,564.911414846347
"126","17420",-33.59117703,150.961003775,"1","The Hills Shire (A)","17200",30,-33.88762608,151.20426565,39.8664311611773
"127","17450",-36.173369615,148.128875505,"1","Tumbarumba (A)","17200",30,-33.88762608,151.20426565,378.196398040994
"128","17500",-35.54175437,148.326245645,"1","Tumut Shire (A)","17200",30,-33.88762608,151.20426565,321.187080344324
"129","17550",-28.34990762,153.34651675,"1","Tweed (A)","17200",30,-33.88762608,151.20426565,647.034633691276
"130","17620",-31.981256995,150.69282085,"1","Upper Hunter Shire (A)","17200",30,-33.88762608,151.20426565,216.764668427771
"131","17640",-34.418675435,149.53061032,"1","Upper Lachlan Shire (A)","17200",30,-33.88762608,151.20426565,165.19864710009
"132","17650",-30.48548215,151.354501695,"1","Uralla (A)","17200",30,-33.88762608,151.20426565,377.530251434334
"133","17700",-35.27173753,146.32408085,"1","Urana (A)","17200",30,-33.88762608,151.20426565,473.297101606347
"134","17750",-35.185866865,147.355095855,"1","Wagga Wagga (C)","17200",30,-33.88762608,151.20426565,381.537330557928
"135","17800",-35.050421225,143.90840838,"1","Wakool (A)","17200",30,-33.88762608,151.20426565,682.427596458327
"136","17850",-31.197573425,151.818541375,"1","Walcha (A)","17200",30,-33.88762608,151.20426565,303.843961397856
"137","17900",-29.790307475,148.13392536,"1","Walgett (A)","17200",30,-33.88762608,151.20426565,539.256461766605
"138","17950",-31.29549218,147.72853093,"1","Warren (A)","17200",30,-33.88762608,151.20426565,434.81018514704
"139","18000",-33.70341821,151.2392345,"1","Warringah (A)","17200",30,-33.88762608,151.20426565,20.6871270426103
"140","18020",-31.455186205,149.453778945,"1","Warrumbungle Shire (A)","17200",30,-33.88762608,151.20426565,315.779820964128
"141","18050",-33.884097085,151.263555005,"1","Waverley (A)","17200",30,-33.88762608,151.20426565,5.49869977528876
"142","18100",-33.87903475,148.01124365,"1","Weddin (A)","17200",30,-33.88762608,151.20426565,295.378985538805
"143","18150",-32.57502345,148.97394168,"1","Wellington (A)","17200",30,-33.88762608,151.20426565,253.778584472826
"144","18200",-33.67105734,142.336757085,"1","Wentworth (A)","17200",30,-33.88762608,151.20426565,821.43141832477
"145","18250",-33.801669075,151.187826755,"1","Willoughby (C)","17200",30,-33.88762608,151.20426565,9.65494764637471
"146","18350",-34.490911425,150.354858255,"1","Wingecarribee (A)","17200",30,-33.88762608,151.20426565,102.998340308154
"147","18400",-34.069579235,150.46266029,"1","Wollondilly (A)","17200",30,-33.88762608,151.20426565,71.4401833103517
"148","18450",-34.342373435,150.85061549,"1","Wollongong (C)","17200",30,-33.88762608,151.20426565,60.0750839613964
"149","18500",-33.861658005,151.25352629,"1","Woollahra (A)","17200",30,-33.88762608,151.20426565,5.39151088497639
"150","18550",-33.22305906,151.41489029,"1","Wyong (A)","17200",30,-33.88762608,151.20426565,76.2609142784947
"151","18710",-34.926297425,148.972405665,"1","Yass Valley (A)","17200",30,-33.88762608,151.20426565,235.326783822687
"152","18750",-34.239337685,148.190628575,"1","Young (A)","17200",30,-33.88762608,151.20426565,280.918040081701
"153","19399",-31.182226935,150.05434677,"1","Unincorporated NSW","17200",30,-33.88762608,151.20426565,318.865929645667
"154","20110",-36.834116445,146.97936043,"2","Alpine (S)","24600",30,-37.81305774,144.944221985,210.565378072061
"155","20260",-37.489247365,142.822386045,"2","Ararat (RC)","24600",30,-37.81305774,144.944221985,190.658740589339
"156","20570",-37.518836825,143.772847025,"2","Ballarat (C)","24600",30,-37.81305774,144.944221985,108.385165347475
"157","20660",-37.73385686,145.0857656,"2","Banyule (C)","24600",30,-37.81305774,144.944221985,15.2572475635084
"158","20740",-38.485068295,145.463897775,"2","Bass Coast (S)","24600",30,-37.81305774,144.944221985,87.4011996484326
"159","20830",-37.969979715,146.14403861,"2","Baw Baw (S)","24600",30,-37.81305774,144.944221985,106.964677621937
"160","20910",-37.939860155,145.01932448,"2","Bayside (C)","24600",30,-37.81305774,144.944221985,15.5481659954595
"161","21010",-36.590408315,146.02812147,"2","Benalla (RC)","24600",30,-37.81305774,144.944221985,166.343602506058
"162","21110",-37.826401325,145.052989105,"2","Boroondara (C)","24600",30,-37.81305774,144.944221985,9.69046821575574
"163","21180",-37.74287088,144.816436305,"2","Brimbank (C)","24600",30,-37.81305774,144.944221985,13.6900746602021
"164","21270",-35.846382705,143.05200816,"2","Buloke (S)","24600",30,-37.81305774,144.944221985,275.898025974994
"165","21370",-36.323375405,144.708434465,"2","Campaspe (S)","24600",30,-37.81305774,144.944221985,166.647681234079
"166","21450",-38.09507861,145.564553665,"2","Cardinia (S)","24600",30,-37.81305774,144.944221985,62.8665293141764
"167","21610",-38.095191665,145.32279338,"2","Casey (C)","24600",30,-37.81305774,144.944221985,45.690889191701
"168","21670",-36.97889353,143.73856872,"2","Central Goldfields (S)","24600",30,-37.81305774,144.944221985,141.306786497945
"169","21750",-38.4387275,143.59670205,"2","Colac-Otway (S)","24600",30,-37.81305774,144.944221985,137.049959546303
"170","21830",-38.21595858,143.23542427,"2","Corangamite (S)","24600",30,-37.81305774,144.944221985,156.577608041938
"171","21890",-37.73831499,145.02286888,"2","Darebin (C)","24600",30,-37.81305774,144.944221985,10.8087356257884
"172","22110",-37.345637865,148.582953615,"2","East Gippsland (S)","24600",30,-37.81305774,144.944221985,325.553193067814
"173","22170",-38.1340238,145.168744145,"2","Frankston (C)","24600",30,-37.81305774,144.944221985,40.7231582004766
"174","22250",-35.73211477,143.85316144,"2","Gannawarra (S)","24600",30,-37.81305774,144.944221985,250.625857846828
"175","22310",-37.89948863,145.04099093,"2","Glen Eira (C)","24600",30,-37.81305774,144.944221985,12.8278480186919
"176","22410",-37.89083667,141.44237194,"2","Glenelg (S)","24600",30,-37.81305774,144.944221985,308.296200657831
"177","22490",-37.852306015,143.86351715,"2","Golden Plains (S)","24600",30,-37.81305774,144.944221985,95.2353734908207
"178","22620",-36.72278311,144.439731185,"2","Greater Bendigo (C)","24600",30,-37.81305774,144.944221985,129.009912745552
"179","22670",-38.00111917,145.19072573,"2","Greater Dandenong (C)","24600",30,-37.81305774,144.944221985,30.0942621987325
"180","22750",-38.05182426,144.46136739,"2","Greater Geelong (C)","24600",30,-37.81305774,144.944221985,50.0427275538872
"181","22830",-36.427417145,145.415187245,"2","Greater Shepparton (C)","24600",30,-37.81305774,144.944221985,159.371852278808
"182","22910",-37.31706926,144.03354411,"2","Hepburn (S)","24600",30,-37.81305774,144.944221985,97.4862813947983
"183","22980",-36.03293443,141.73282019,"2","Hindmarsh (S)","24600",30,-37.81305774,144.944221985,347.674099870396
"184","23110",-37.85693738,144.833478045,"2","Hobsons Bay (C)","24600",30,-37.81305774,144.944221985,10.8975578445106
"185","23190",-36.82856803,142.114477055,"2","Horsham (RC)","24600",30,-37.81305774,144.944221985,273.567250715903
"186","23270",-37.597165275,144.80511112,"2","Hume (C)","24600",30,-37.81305774,144.944221985,26.9196256173193
"187","23350",-36.20854388,146.686284355,"2","Indigo (S)","24600",30,-37.81305774,144.944221985,236.094072543714
"188","23430",-38.00449896,145.095313565,"2","Kingston (C)","24600",30,-37.81305774,144.944221985,25.06126612541
"189","23670",-37.898950675,145.269232335,"2","Knox (C)","24600",30,-37.81305774,144.944221985,30.1491782847073
"190","23810",-38.253790145,146.461239795,"2","Latrobe (C)","24600",30,-37.81305774,144.944221985,141.880987035606
"191","23940",-36.404060515,143.82964368,"2","Loddon (S)","24600",30,-37.81305774,144.944221985,185.107702468563
"192","24130",-37.333425695,144.615815105,"2","Macedon Ranges (S)","24600",30,-37.81305774,144.944221985,60.6254725132533
"193","24210",-37.7571046,145.18052237,"2","Manningham (C)","24600",30,-37.81305774,144.944221985,21.7219668932288
"194","24250",-37.241299855,146.148035585,"2","Mansfield (S)","24600",30,-37.81305774,144.944221985,123.892746060052
"195","24330",-37.79141384,144.87786253,"2","Maribyrnong (C)","24600",30,-37.81305774,144.944221985,6.31862276461879
"196","24410",-37.80288172,145.266027645,"2","Maroondah (C)","24600",30,-37.81305774,144.944221985,28.3610128741125
"197","24600",-37.81305774,144.944221985,"2","Melbourne (C)","24600",30,-37.81305774,144.944221985,0
"198","24650",-37.68143985,144.622914495,"2","Melton (S)","24600",30,-37.81305774,144.944221985,31.8638469103438
"199","24780",-34.86450421,141.85232195,"2","Mildura (RC)","24600",30,-37.81305774,144.944221985,429.011549798864
"200","24850",-37.175354485,144.979986305,"2","Mitchell (S)","24600",30,-37.81305774,144.944221985,70.847354175149
"201","24900",-36.05059913,145.53815568,"2","Moira (S)","24600",30,-37.81305774,144.944221985,202.620979375745
"202","24970",-37.896748685,145.147138,"2","Monash (C)","24600",30,-37.81305774,144.944221985,20.1292033961095
"203","25060",-37.74941154,144.8932488,"2","Moonee Valley (C)","24600",30,-37.81305774,144.944221985,8.3705967790857
"204","25150",-37.633382415,144.21945861,"2","Moorabool (S)","24600",30,-37.81305774,144.944221985,66.9357975130491
"205","25250",-37.73557395,144.93744691,"2","Moreland (C)","24600",30,-37.81305774,144.944221985,8.62078584819471
"206","25340",-38.33269622,144.956571345,"2","Mornington Peninsula (S)","24600",30,-37.81305774,144.944221985,57.6889358468259
"207","25430",-37.076071465,144.188247825,"2","Mount Alexander (S)","24600",30,-37.81305774,144.944221985,105.666582932983
"208","25490",-38.187854335,142.462174655,"2","Moyne (S)","24600",30,-37.81305774,144.944221985,221.929383815582
"209","25620",-37.281035435,145.67436949,"2","Murrindindi (S)","24600",30,-37.81305774,144.944221985,87.4631200333155
"210","25710",-37.61473992,145.21705101,"2","Nillumbik (S)","24600",30,-37.81305774,144.944221985,32.6067107206244
"211","25810",-36.84961425,142.87303152,"2","Northern Grampians (S)","24600",30,-37.81305774,144.944221985,212.421723664565
"212","25900",-37.858735125,144.961500705,"2","Port Phillip (C)","24600",30,-37.81305774,144.944221985,5.29312952406375
"213","25990",-37.327557115,143.3647244,"2","Pyrenees (S)","24600",30,-37.81305774,144.944221985,149.577062716272
"214","26080",-38.264910305,144.651441185,"2","Queenscliffe (B)","24600",30,-37.81305774,144.944221985,56.3564197746936
"215","26170",-38.698972705,146.067016895,"2","South Gippsland (S)","24600",30,-37.81305774,144.944221985,139.02309909565
"216","26260",-37.529885855,142.025324975,"2","Southern Grampians (S)","24600",30,-37.81305774,144.944221985,259.413215196777
"217","26350",-37.86129927,145.0377616,"2","Stonnington (C)","24600",30,-37.81305774,144.944221985,9.82183445673472
"218","26430",-36.724015885,145.32937597,"2","Strathbogie (S)","24600",30,-37.81305774,144.944221985,125.599605857822
"219","26490",-38.33996878,144.11529574,"2","Surf Coast (S)","24600",30,-37.81305774,144.944221985,93.3287839537584
"220","26610",-35.100605775,143.16809243,"2","Swan Hill (RC)","24600",30,-37.81305774,144.944221985,340.489741845083
"221","26670",-36.365873905,147.62717568,"2","Towong (S)","24600",30,-37.81305774,144.944221985,287.54353575353
"222","26700",-36.61598638,146.42838936,"2","Wangaratta (RC)","24600",30,-37.81305774,144.944221985,187.088885923321
"223","26730",-38.3781861,142.52165512,"2","Warrnambool (C)","24600",30,-37.81305774,144.944221985,221.560238358703
"224","26810",-38.0376519,147.01696733,"2","Wellington (S)","24600",30,-37.81305774,144.944221985,183.931791196286
"225","26890",-36.59920652,141.400389135,"2","West Wimmera (S)","24600",30,-37.81305774,144.944221985,342.188080206754
"226","26980",-37.828682865,145.154320625,"2","Whitehorse (C)","24600",30,-37.81305774,144.944221985,18.5793925930083
"227","27070",-37.550866455,145.09374811,"2","Whittlesea (C)","24600",30,-37.81305774,144.944221985,31.950299449315
"228","27170",-36.14469096,146.888182125,"2","Wodonga (RC)","24600",30,-37.81305774,144.944221985,253.439886809531
"229","27260",-37.89279662,144.63573371,"2","Wyndham (C)","24600",30,-37.81305774,144.944221985,28.5554806100216
"230","27350",-37.804913445,145.0033776,"2","Yarra (C)","24600",30,-37.81305774,144.944221985,5.28708138610438
"231","27450",-37.750058965,145.737083825,"2","Yarra Ranges (S)","24600",30,-37.81305774,144.944221985,70.1939883060361
"232","27630",-36.026181345,142.404517585,"2","Yarriambiack (S)","24600",30,-37.81305774,144.944221985,300.867276667123
"233","29399",-37.99780515,144.642992175,"2","Unincorporated Vic","24600",30,-37.81305774,144.944221985,33.5007890134744
"234","30250",-13.512626345,141.824348515,"3","Aurukun (S)","31000",30,-27.341175585,153.07409088,1926.74779127226
"235","30300",-28.284850505,148.179332285,"3","Balonne (S)","31000",30,-27.341175585,153.07409088,493.452443387898
"236","30370",-24.80653051,149.89837,"3","Banana (S)","31000",30,-27.341175585,153.07409088,424.010418344849
"237","30410",-23.05203147,145.43490338,"3","Barcaldine (R)","31000",30,-27.341175585,153.07409088,904.405122156175
"238","30450",-25.17292439,142.46481126,"3","Barcoo (S)","31000",30,-27.341175585,153.07409088,1086.3415846532
"239","30760",-24.78794957,145.97278946,"3","Blackall Tambo (R)","31000",30,-27.341175585,153.07409088,764.634878434691
"240","30900",-22.279075485,139.62534531,"3","Boulia (S)","31000",30,-27.341175585,153.07409088,1469.63033123184
"241","31000",-27.341175585,153.07409088,"3","Brisbane (C)","31000",30,-27.341175585,153.07409088,0
"242","31750",-27.830793495,142.912792625,"3","Bulloo (S)","31000",30,-27.341175585,153.07409088,1004.45642775892
"243","31820",-24.9730515,151.98441443,"3","Bundaberg (R)","31000",30,-27.341175585,153.07409088,284.082638323072
"244","31900",-19.849344475,147.27239613,"3","Burdekin (S)","31000",30,-27.341175585,153.07409088,1018.97236319403
"245","31950",-18.064611055,139.03747064,"3","Burke (S)","31000",30,-27.341175585,153.07409088,1768.27582683603
"246","32070",-16.70442532,145.540235825,"3","Cairns (R)","31000",30,-27.341175585,153.07409088,1410.53934844724
"247","32250",-17.322156865,141.353106735,"3","Carpentaria (S)","31000",30,-27.341175585,153.07409088,1637.8808502612
"248","32260",-17.96785393,145.96560712,"3","Cassowary Coast (R)","31000",30,-27.341175585,153.07409088,1268.60549787519
"249","32270",-24.06336141,148.3195832,"3","Central Highlands (R)","31000",30,-27.341175585,153.07409088,599.546385229349
"250","32310",-20.209265495,145.816452655,"3","Charters Towers (R)","31000",30,-27.341175585,153.07409088,1081.63988677507
"251","32330",-26.287502785,151.932794195,"3","Cherbourg (S)","31000",30,-27.341175585,153.07409088,162.799012731603
"252","32450",-20.698894165,140.271149295,"3","Cloncurry (S)","31000",30,-27.341175585,153.07409088,1494.52293827169
"253","32500",-13.681492775,143.531549985,"3","Cook (S)","31000",30,-27.341175585,153.07409088,1808.55779866116
"254","32600",-18.513601855,142.322491265,"3","Croydon (S)","31000",30,-27.341175585,153.07409088,1472.34310220269
"255","32750",-24.57676267,140.071632145,"3","Diamantina (S)","31000",30,-27.341175585,153.07409088,1337.02372716719
"256","32770",-17.446856065,138.843265505,"3","Doomadgee (S)","31000",30,-27.341175585,153.07409088,1827.09074738144
"257","33100",-18.56275976,143.53832869,"3","Etheridge (S)","31000",30,-27.341175585,153.07409088,1377.79803657258
"258","33200",-20.89030295,144.388135745,"3","Flinders (S)","31000",30,-27.341175585,153.07409088,1135.19572335944
"259","33220",-25.341450765,152.6702384,"3","Fraser Coast (R)","31000",30,-27.341175585,153.07409088,225.193593712963
"260","33360",-24.01868847,151.658183075,"3","Gladstone (R)","31000",30,-27.341175585,153.07409088,394.555261321215
"261","33430",-27.97851184,153.36054571,"3","Gold Coast (C)","31000",30,-27.341175585,153.07409088,76.0713525559623
"262","33610",-28.46221063,150.31344384,"3","Goondiwindi (R)","31000",30,-27.341175585,153.07409088,298.822289579155
"263","33620",-26.177357975,152.47255293,"3","Gympie (R)","31000",30,-27.341175585,153.07409088,142.154692015173
"264","33800",-18.65839886,146.12295704,"3","Hinchinbrook (S)","31000",30,-27.341175585,153.07409088,1196.20640396948
"265","33830",-15.13588379,145.19248107,"3","Hope Vale (S)","31000",30,-27.341175585,153.07409088,1578.5603433725
"266","33960",-27.67789799,152.66188216,"3","Ipswich (C)","31000",30,-27.341175585,153.07409088,55.235653575003
"267","33980",-22.24346407,148.23671645,"3","Isaac (R)","31000",30,-27.341175585,153.07409088,746.888782189373
"268","34420",-15.278818585,141.812871855,"3","Kowanyama (S)","31000",30,-27.341175585,153.07409088,1772.29737470567
"269","34570",-13.018762335,143.25024355,"3","Lockhart River (S)","31000",30,-27.341175585,153.07409088,1886.98218205621
"270","34580",-27.681385505,152.230366755,"3","Lockyer Valley (R)","31000",30,-27.341175585,153.07409088,91.4895458078228
"271","34590",-27.76294051,153.044919985,"3","Logan (C)","31000",30,-27.341175585,153.07409088,46.8254454279213
"272","34710",-23.876002935,143.86708501,"3","Longreach (R)","31000",30,-27.341175585,153.07409088,1000.93273356883
"273","34770",-21.081895085,149.04264357,"3","Mackay (R)","31000",30,-27.341175585,153.07409088,805.040488495403
"274","34800",-20.594128985,141.67448856,"3","McKinlay (S)","31000",30,-27.341175585,153.07409088,1378.89240842759
"275","34830",-12.17216859,141.974291005,"3","Mapoon (S)","31000",30,-27.341175585,153.07409088,2040.08750005015
"276","34860",-26.39288806,148.43097752,"3","Maranoa (R)","31000",30,-27.341175585,153.07409088,473.170894623456
"277","35010",-27.107312495,152.929373325,"3","Moreton Bay (R)","31000",30,-27.341175585,153.07409088,29.6145207445483
"278","35250",-16.68436175,139.46682136,"3","Mornington (S)","31000",30,-27.341175585,153.07409088,1832.14062086386
"279","35300",-19.748307375,139.01442227,"3","Mount Isa (C)","31000",30,-27.341175585,153.07409088,1661.828020829
"280","35600",-26.136089545,146.604095935,"3","Murweh (S)","31000",30,-27.341175585,153.07409088,657.271737241023
"281","35670",-12.587733905,142.08134192,"3","Napranum (S)","31000",30,-27.341175585,153.07409088,1995.24479312072
"282","35760",-25.244443445,151.323008145,"3","North Burnett (R)","31000",30,-27.341175585,153.07409088,290.757884253499
"283","35780",-10.97189571,142.35363944,"3","Northern Peninsula Area (R)","31000",30,-27.341175585,153.07409088,2131.47371317119
"284","35790",-18.750330575,146.60003859,"3","Palm Island (S)","31000",30,-27.341175585,153.07409088,1159.34108162815
"285","35800",-27.98742176,145.717551345,"3","Paroo (S)","31000",30,-27.341175585,153.07409088,729.243200795275
"286","36070",-14.65704552,141.833542435,"3","Pormpuraaw (S)","31000",30,-27.341175585,153.07409088,1824.70395306983
"287","36150",-26.15057226,143.5793604,"3","Quilpie (S)","31000",30,-27.341175585,153.07409088,953.428629694065
"288","36250",-27.564341705,153.359116225,"3","Redland (C)","31000",30,-27.341175585,153.07409088,37.4888848187601
"289","36300",-20.569670895,142.913843345,"3","Richmond (S)","31000",30,-27.341175585,153.07409088,1276.55135863765
"290","36360",-22.88443681,150.227152515,"3","Rockhampton (R)","31000",30,-27.341175585,153.07409088,571.06010293384
"291","36510",-28.040212145,152.80687355,"3","Scenic Rim (R)","31000",30,-27.341175585,153.07409088,81.8250468882156
"292","36580",-27.01132981,152.415207395,"3","Somerset (R)","31000",30,-27.341175585,153.07409088,74.8281580740022
"293","36630",-26.40077145,151.601662095,"3","South Burnett (R)","31000",30,-27.341175585,153.07409088,179.620235328878
"294","36660",-28.502648745,151.92164227,"3","Southern Downs (R)","31000",30,-27.341175585,153.07409088,171.564239887585
"295","36710",-26.560979035,152.85113253,"3","Sunshine Coast (R)","31000",30,-27.341175585,153.07409088,89.2377661374397
"296","36810",-17.310410875,144.007155455,"3","Tablelands (R)","31000",30,-27.341175585,153.07409088,1450.09505443928
"297","36910",-27.47957707,151.477050255,"3","Toowoomba (R)","31000",30,-27.341175585,153.07409088,158.676348481969
"298","36950",-10.072952315,142.648207025,"3","Torres (S)","31000",30,-27.341175585,153.07409088,2202.38214075062
"299","36960",-9.90223051,143.074467555,"3","Torres Strait Island (R)","31000",30,-27.341175585,153.07409088,2197.29871925238
"300","37010",-19.351999535,146.632228275,"3","Townsville (C)","31000",30,-27.341175585,153.07409088,1102.56216202348
"301","37300",-12.644655825,141.89028493,"3","Weipa (T)","31000",30,-27.341175585,153.07409088,2001.51977863422
"302","37310",-26.8066513,150.385899505,"3","Western Downs (R)","31000",30,-27.341175585,153.07409088,273.133639679953
"303","37340",-20.69779925,148.013486035,"3","Whitsunday (R)","31000",30,-27.341175585,153.07409088,897.770262357176
"304","37400",-22.50748886,142.66198285,"3","Winton (S)","31000",30,-27.341175585,153.07409088,1179.50872181296
"305","37550",-24.03365186,149.54739189,"3","Woorabinda (S)","31000",30,-27.341175585,153.07409088,509.433462224644
"306","37570",-15.96903916,145.315204415,"3","Wujal Wujal (S)","31000",30,-27.341175585,153.07409088,1492.44132459939
"307","37600",-17.017381585,145.901092255,"3","Yarrabah (S)","31000",30,-27.341175585,153.07409088,1360.82577815563
"308","40070",-34.9205007,138.60059221,"4","Adelaide (C)","40070",30,-34.9205007,138.60059221,0
"309","40120",-34.901030595,138.854568015,"4","Adelaide Hills (DC)","40070",30,-34.9205007,138.60059221,23.3104122345943
"310","40220",-35.337689565,138.837031395,"4","Alexandrina (DC)","40070",30,-34.9205007,138.60059221,51.0551365063489
"311","40250",-27.05796877,131.37313699,"4","Anangu Pitjantjatjara (AC)","40070",30,-34.9205007,138.60059221,1111.18150228859
"312","40310",-34.613512025,138.96168376,"4","Barossa (DC)","40070",30,-34.9205007,138.60059221,47.4610600004561
"313","40430",-33.794845325,137.92310774,"4","Barunga West (DC)","40070",30,-34.9205007,138.60059221,139.556864193354
"314","40520",-34.287877235,140.493584065,"4","Berri and Barmera (DC)","40070",30,-34.9205007,138.60059221,187.277458794483
"315","40700",-34.94445131,138.658336065,"4","Burnside (C)","40070",30,-34.9205007,138.60059221,5.90699195332904
"316","40910",-34.88545274,138.68546027,"4","Campbelltown (C)","40070",30,-34.9205007,138.60059221,8.67654966890747
"317","41010",-32.14735985,133.862876275,"4","Ceduna (DC)","40070",30,-34.9205007,138.60059221,536.79124329026
"318","41060",-34.90066807,138.53182235,"4","Charles Sturt (C)","40070",30,-34.9205007,138.60059221,6.65870346225773
"319","41140",-34.014619275,138.75340461,"4","Clare and Gilbert Valleys (DC)","40070",30,-34.9205007,138.60059221,101.466184796694
"320","41190",-33.66078079,136.28891901,"4","Cleve (DC)","40070",30,-34.9205007,138.60059221,254.594490595614
"321","41330",-29.011368135,134.75189504,"4","Coober Pedy (DC)","40070",30,-34.9205007,138.60059221,749.288775887583
"322","41560",-33.942866155,137.71328253,"4","Copper Coast (DC)","40070",30,-34.9205007,138.60059221,135.692046413071
"323","41750",-33.53931181,135.09514072,"4","Elliston (DC)","40070",30,-34.9205007,138.60059221,357.441101502672
"324","41830",-32.133405365,138.33882152,"4","Flinders Ranges (DC)","40070",30,-34.9205007,138.60059221,310.082280793169
"325","41960",-33.601644605,136.941484845,"4","Franklin Harbour (DC)","40070",30,-34.9205007,138.60059221,211.540557915702
"326","42030",-34.62109008,138.73227445,"4","Gawler (T)","40070",30,-34.9205007,138.60059221,35.3352599289266
"327","42110",-33.71640474,139.016544065,"4","Goyder (DC)","40070",30,-34.9205007,138.60059221,138.945879365996
"328","42250",-37.83641955,140.63316776,"4","Grant (DC)","40070",30,-34.9205007,138.60059221,371.40338339273
"329","42600",-35.00244297,138.523179375,"4","Holdfast Bay (C)","40070",30,-34.9205007,138.60059221,11.5164102011007
"330","42750",-35.823895985,137.33392392,"4","Kangaroo Island (DC)","40070",30,-34.9205007,138.60059221,152.625028020129
"331","43080",-34.92846608,140.02483614,"4","Karoonda East Murray (DC)","40070",30,-34.9205007,138.60059221,130.13786003635
"332","43220",-33.04817006,136.31796619,"4","Kimba (DC)","40070",30,-34.9205007,138.60059221,295.985909161272
"333","43360",-36.64082791,140.050932415,"4","Kingston (DC)","40070",30,-34.9205007,138.60059221,231.572821560276
"334","43650",-34.409810815,138.84367184,"4","Light (RegC)","40070",30,-34.9205007,138.60059221,60.8767479205315
"335","43710",-34.48805849,135.701145585,"4","Lower Eyre Peninsula (DC)","40070",30,-34.9205007,138.60059221,269.920510864743
"336","43790",-34.4816079,140.283461985,"4","Loxton Waikerie (DC)","40070",30,-34.9205007,138.60059221,161.685063205038
"337","43920",-34.510348535,138.427832415,"4","Mallala (DC)","40070",30,-34.9205007,138.60059221,48.173887114044
"338","44000",-29.439963125,131.00391872,"4","Maralinga Tjarutja (AC)","40070",30,-34.9205007,138.60059221,938.904451195214
"339","44060",-35.02589456,138.530928,"4","Marion (C)","40070",30,-34.9205007,138.60059221,13.3109772928102
"340","44210",-34.415659735,139.4163864,"4","Mid Murray (DC)","40070",30,-34.9205007,138.60059221,93.4194209914945
"341","44340",-35.00689605,138.622173075,"4","Mitcham (C)","40070",30,-34.9205007,138.60059221,9.78524190377919
"342","44550",-35.06906794,138.86936483,"4","Mount Barker (DC)","40070",30,-34.9205007,138.60059221,29.5590772805112
"343","44620",-37.82468607,140.781904175,"4","Mount Gambier (C)","40070",30,-34.9205007,138.60059221,377.025830719029
"344","44830",-32.71812543,138.17130341,"4","Mount Remarkable (DC)","40070",30,-34.9205007,138.60059221,247.496610353008
"345","45040",-35.20019543,139.32089824,"4","Murray Bridge (RC)","40070",30,-34.9205007,138.60059221,72.6652076743394
"346","45090",-36.995421065,140.527911075,"4","Naracoorte and Lucindale (DC)","40070",30,-34.9205007,138.60059221,288.488555867562
"347","45120",-33.30074394,138.477448945,"4","Northern Areas (DC)","40070",30,-34.9205007,138.60059221,180.029395753429
"348","45290",-34.908005195,138.63555909,"4","Norwood Payneham St Peters (C)","40070",30,-34.9205007,138.60059221,3.48312615118531
"349","45340",-35.18679525,138.57776029,"4","Onkaparinga (C)","40070",30,-34.9205007,138.60059221,29.6164685736936
"350","45400",-32.53180854,138.66469491,"4","Orroroo/Carrieton (DC)","40070",30,-34.9205007,138.60059221,265.014371430449
"351","45540",-32.847865185,139.026081825,"4","Peterborough (DC)","40070",30,-34.9205007,138.60059221,233.241941781679
"352","45680",-34.694188905,138.642096915,"4","Playford (C)","40070",30,-34.9205007,138.60059221,25.3919735182729
"353","45890",-34.8262836,138.5726368,"4","Port Adelaide Enfield (C)","40070",30,-34.9205007,138.60059221,10.7602469816969
"354","46090",-32.616155145,137.780550445,"4","Port Augusta (C)","40070",30,-34.9205007,138.60059221,266.640286968413
"355","46300",-34.728540215,135.85747194,"4","Port Lincoln (C)","40070",30,-34.9205007,138.60059221,251.84173407552
"356","46450",-33.36513146,138.10705416,"4","Port Pirie City and Dists (M)","40070",30,-34.9205007,138.60059221,178.432161356386
"357","46510",-34.884566835,138.60038171,"4","Prospect (C)","40070",30,-34.9205007,138.60059221,3.98650596090482
"358","46670",-34.14303812,140.775300095,"4","Renmark Paringa (DC)","40070",30,-34.9205007,138.60059221,217.474423850159
"359","46860",-37.18616169,139.99002442,"4","Robe (DC)","40070",30,-34.9205007,138.60059221,280.83504779949
"360","46970",-30.54892357,136.883765905,"4","Roxby Downs (M)","40070",30,-34.9205007,138.60059221,510.789153623468
"361","47140",-34.768271175,138.608313165,"4","Salisbury (C)","40070",30,-34.9205007,138.60059221,16.9027551442888
"362","47290",-35.36732671,140.52030307,"4","Southern Mallee (DC)","40070",30,-34.9205007,138.60059221,181.823845613324
"363","47490",-32.73808344,134.551159395,"4","Streaky Bay (DC)","40070",30,-34.9205007,138.60059221,446.156350615177
"364","47630",-36.222318275,140.50747658,"4","Tatiara (DC)","40070",30,-34.9205007,138.60059221,225.250476350079
"365","47700",-34.801713125,138.71993856,"4","Tea Tree Gully (C)","40070",30,-34.9205007,138.60059221,17.1102598243917
"366","47800",-35.71843836,139.70329085,"4","The Coorong (DC)","40070",30,-34.9205007,138.60059221,133.757004150366
"367","47910",-34.1969673,136.13649091,"4","Tumby Bay (DC)","40070",30,-34.9205007,138.60059221,239.956703526514
"368","47980",-34.95391776,138.607974,"4","Unley (C)","40070",30,-34.9205007,138.60059221,3.76810841080343
"369","48050",-35.516052005,138.546096675,"4","Victor Harbor (C)","40070",30,-34.9205007,138.60059221,66.2592093518638
"370","48130",-34.00742453,138.394556845,"4","Wakefield (DC)","40070",30,-34.9205007,138.60059221,103.042013599183
"371","48260",-34.89443392,138.61626189,"4","Walkerville (M)","40070",30,-34.9205007,138.60059221,3.22698453312014
"372","48340",-37.50804126,140.42114421,"4","Wattle Range (DC)","40070",30,-34.9205007,138.60059221,330.491296171183
"373","48410",-34.94253667,138.5429456,"4","West Torrens (C)","40070",30,-34.9205007,138.60059221,5.80653773917777
"374","48540",-33.045688865,137.544681085,"4","Whyalla (C)","40070",30,-34.9205007,138.60059221,229.704756454805
"375","48640",-32.977471295,135.391703775,"4","Wudinna (DC)","40070",30,-34.9205007,138.60059221,366.623103220303
"376","48750",-35.493900115,138.342254785,"4","Yankalilla (DC)","40070",30,-34.9205007,138.60059221,67.8252887237042
"377","48830",-34.731559645,137.474883025,"4","Yorke Peninsula (DC)","40070",30,-34.9205007,138.60059221,105.091818816153
"378","49399",-30.86593376,135.00214786,"4","Unincorporated SA","40070",30,-34.9205007,138.60059221,561.639883008092
"379","50080",-34.70989637,118.12345216,"5","Albany (C)","57080",20,-31.959139815,115.8528991,371.134975841701
"380","50210",-32.178873795,116.12749699,"5","Armadale (C)","57080",20,-31.959139815,115.8528991,35.5803735137739
"381","50250",-22.27674044,116.9005679,"5","Ashburton (S)","57080",20,-31.959139815,115.8528991,1077.87278365625
"382","50280",-34.115201905,115.32277392,"5","Augusta-Margaret River (S)","57080",20,-31.959139815,115.8528991,244.191127650918
"383","50350",-31.90584082,115.945004835,"5","Bassendean (T)","57080",20,-31.959139815,115.8528991,10.5256162177094
"384","50420",-31.911815545,115.908695345,"5","Bayswater (C)","57080",20,-31.959139815,115.8528991,7.4413607820405
"385","50490",-31.95458132,115.94218059,"5","Belmont (C)","57080",20,-31.959139815,115.8528991,8.45555804542543
"386","50560",-32.15982403,116.76363496,"5","Beverley (S)","57080",20,-31.959139815,115.8528991,88.8347779133489
"387","50630",-32.791952875,116.41883331,"5","Boddington (S)","57080",20,-31.959139815,115.8528991,106.608818345616
"388","50770",-33.885549205,116.518848,"5","Boyup Brook (S)","57080",20,-31.959139815,115.8528991,222.538204015346
"389","50840",-33.99233867,116.22502176,"5","Bridgetown-Greenbushes (S)","57080",20,-31.959139815,115.8528991,228.156752812377
"390","50910",-32.355328735,116.999937055,"5","Brookton (S)","57080",20,-31.959139815,115.8528991,116.77993960165
"391","50980",-18.20865868,121.80721128,"5","Broome (S)","57080",20,-31.959139815,115.8528991,1636.50789382376
"392","51080",-34.01320458,117.652963775,"5","Broomehill-Tambellup (S)","57080",20,-31.959139815,115.8528991,283.186792814865
"393","51120",-31.96650409,118.02384544,"5","Bruce Rock (S)","57080",20,-31.959139815,115.8528991,205.220456661201
"394","51190",-33.35486966,115.662136255,"5","Bunbury (C)","57080",20,-31.959139815,115.8528991,155.81521692459
"395","51260",-33.684767395,115.370793985,"5","Busselton (S)","57080",20,-31.959139815,115.8528991,196.626137809041
"396","51310",-31.93541657,115.798875775,"5","Cambridge (T)","57080",20,-31.959139815,115.8528991,5.7453502848666
"397","51330",-32.049227695,115.919429455,"5","Canning (C)","57080",20,-31.959139815,115.8528991,11.802961781291
"398","51400",-33.52703891,115.61813051,"5","Capel (S)","57080",20,-31.959139815,115.8528991,175.266344752763
"399","51470",-29.731255685,115.520386145,"5","Carnamah (S)","57080",20,-31.959139815,115.8528991,249.037632702444
"400","51540",-24.466804165,114.33684752,"5","Carnarvon (S)","57080",20,-31.959139815,115.8528991,843.526326571448
"401","51610",-28.27249157,115.027932,"5","Chapman Valley (S)","57080",20,-31.959139815,115.8528991,416.338299687412
"402","51680",-31.358285685,116.05130944,"5","Chittering (S)","57080",20,-31.959139815,115.8528991,69.2296621841569
"403","51750",-31.98126992,115.779423425,"5","Claremont (T)","57080",20,-31.959139815,115.8528991,7.3659644780404
"404","51820",-32.08436616,115.68282331,"5","Cockburn (C)","57080",20,-31.959139815,115.8528991,21.2361855655342
"405","51890",-33.273533845,116.16558277,"5","Collie (S)","57080",20,-31.959139815,115.8528991,148.68789380417
"406","51960",-31.014384975,121.2046172,"5","Coolgardie (S)","57080",20,-31.959139815,115.8528991,519.113441967381
"407","52030",-29.97864896,115.656129665,"5","Coorow (S)","57080",20,-31.959139815,115.8528991,220.378062959806
"408","52100",-32.3759906,117.81023541,"5","Corrigin (S)","57080",20,-31.959139815,115.8528991,190.313236576772
"409","52170",-31.99905029,115.760896015,"5","Cottesloe (T)","57080",20,-31.959139815,115.8528991,9.75701463433229
"410","52240",-34.334134525,117.32897603,"5","Cranbrook (S)","57080",20,-31.959139815,115.8528991,297.221537742965
"411","52310",-32.740260885,117.154973535,"5","Cuballing (S)","57080",20,-31.959139815,115.8528991,150.084451871464
"412","52380",-27.22632981,118.004958035,"5","Cue (S)","57080",20,-31.959139815,115.8528991,564.477978036797
"413","52450",-31.61259187,117.118026525,"5","Cunderdin (S)","57080",20,-31.959139815,115.8528991,125.832600074485
"414","52520",-30.12997477,116.984006815,"5","Dalwallinu (S)","57080",20,-31.959139815,115.8528991,229.748473004422
"415","52590",-30.541416455,115.461315215,"5","Dandaragan (S)","57080",20,-31.959139815,115.8528991,161.552834668979
"416","52660",-33.416104545,115.87409909,"5","Dardanup (S)","57080",20,-31.959139815,115.8528991,161.588072152648
"417","52730",-34.91056608,117.10658787,"5","Denmark (S)","57080",20,-31.959139815,115.8528991,347.479838026545
"418","52800",-17.504465605,125.279699745,"5","Derby-West Kimberley (S)","57080",20,-31.959139815,115.8528991,1861.46395362186
"419","52870",-33.70217313,115.97778227,"5","Donnybrook-Balingup (S)","57080",20,-31.959139815,115.8528991,193.658250409427
"420","52940",-31.113281235,117.105654945,"5","Dowerin (S)","57080",20,-31.959139815,115.8528991,151.489329419275
"421","53010",-33.217797505,117.98750171,"5","Dumbleyung (S)","57080",20,-31.959139815,115.8528991,244.214667758348
"422","53080",-32.125018785,124.50581072,"5","Dundas (S)","57080",20,-31.959139815,115.8528991,817.254610691159
"423","53150",-32.03653495,115.767135055,"5","East Fremantle (T)","57080",20,-31.959139815,115.8528991,11.8039021442706
"424","53220",-21.613314825,123.713673725,"5","East Pilbara (S)","57080",20,-31.959139815,115.8528991,1386.362963074
"425","53290",-33.51970596,122.15585885,"5","Esperance (S)","57080",20,-31.959139815,115.8528991,615.463034409855
"426","53360",-22.31784632,114.204003695,"5","Exmouth (S)","57080",20,-31.959139815,115.8528991,1080.70566609436
"427","53430",-32.05165342,115.76379496,"5","Fremantle (C)","57080",20,-31.959139815,115.8528991,13.271070211488
"428","53520",-28.848325075,114.858514465,"5","Geraldton-Greenough (C)","57080",20,-31.959139815,115.8528991,357.849750755864
"429","53570",-31.18434608,115.659439775,"5","Gingin (S)","57080",20,-31.959139815,115.8528991,87.8496192110863
"430","53640",-34.08658321,118.29832304,"5","Gnowangerup (S)","57080",20,-31.959139815,115.8528991,328.411089042765
"431","53710",-31.234569325,116.791424285,"5","Goomalling (S)","57080",20,-31.959139815,115.8528991,119.948935437727
"432","53780",-32.067627035,116.00202595,"5","Gosnells (C)","57080",20,-31.959139815,115.8528991,18.5264206157102
"433","53920",-19.000691105,127.45203734,"5","Halls Creek (S)","57080",20,-31.959139815,115.8528991,1846.78361461986
"434","53990",-33.149755865,115.93376248,"5","Harvey (S)","57080",20,-31.959139815,115.8528991,132.253468906478
"435","54060",-29.341916075,115.04561251,"5","Irwin (S)","57080",20,-31.959139815,115.8528991,300.291765741158
"436","54130",-34.03050295,119.113692605,"5","Jerramungup (S)","57080",20,-31.959139815,115.8528991,381.594895313895
"437","54170",-31.779617135,115.76498464,"5","Joondalup (C)","57080",20,-31.959139815,115.8528991,21.5746856767825
"438","54200",-32.003977835,116.13292181,"5","Kalamunda (S)","57080",20,-31.959139815,115.8528991,26.9284865611114
"439","54280",-30.776324365,124.923462335,"5","Kalgoorlie/Boulder (C)","57080",20,-31.959139815,115.8528991,872.570104198438
"440","54340",-33.62475848,117.639651135,"5","Katanning (S)","57080",20,-31.959139815,115.8528991,249.254932138152
"441","54410",-31.5770861,117.80560837,"5","Kellerberrin (S)","57080",20,-31.959139815,115.8528991,189.766266478312
"442","54480",-33.538811255,118.669927395,"5","Kent (S)","57080",20,-31.959139815,115.8528991,316.818143116274
"443","54550",-33.925461815,117.03982307,"5","Kojonup (S)","57080",20,-31.959139815,115.8528991,244.687919646825
"444","54620",-32.484304775,119.024200495,"5","Kondinin (S)","57080",20,-31.959139815,115.8528991,304.549493888298
"445","54690",-30.60411545,117.407354365,"5","Koorda (S)","57080",20,-31.959139815,115.8528991,210.899028554167
"446","54760",-32.766158975,118.77244174,"5","Kulin (S)","57080",20,-31.959139815,115.8528991,288.978470490883
"447","54830",-32.233913225,115.82784677,"5","Kwinana (T)","57080",20,-31.959139815,115.8528991,30.5608419408541
"448","54900",-33.129094505,119.420412815,"5","Lake Grace (S)","57080",20,-31.959139815,115.8528991,359.313253293398
"449","54970",-27.93793248,125.2713464,"5","Laverton (S)","57080",20,-31.959139815,115.8528991,1012.04636705138
"450","55040",-28.394242115,121.259598625,"5","Leonora (S)","57080",20,-31.959139815,115.8528991,653.546627865935
"451","55110",-32.628755555,115.69747291,"5","Mandurah (C)","57080",20,-31.959139815,115.8528991,75.6843493861032
"452","55180",-34.59789038,116.26565456,"5","Manjimup (S)","57080",20,-31.959139815,115.8528991,295.176687796721
"453","55250",-25.30330208,118.99974646,"5","Meekatharra (S)","57080",20,-31.959139815,115.8528991,799.144723473016
"454","55320",-32.043245235,115.83407752,"5","Melville (C)","57080",20,-31.959139815,115.8528991,9.49424631476831
"455","55390",-29.391611725,123.71877741,"5","Menzies (S)","57080",20,-31.959139815,115.8528991,805.447762027391
"456","55460",-31.46054071,118.38508699,"5","Merredin (S)","57080",20,-31.959139815,115.8528991,246.302752322621
"457","55530",-29.14514997,115.501235215,"5","Mingenew (S)","57080",20,-31.959139815,115.8528991,313.782926926673
"458","55600",-30.512183375,116.20979717,"5","Moora (S)","57080",20,-31.959139815,115.8528991,163.992309567489
"459","55670",-29.035446035,116.056429745,"5","Morawa (S)","57080",20,-31.959139815,115.8528991,324.711722506612
"460","55740",-32.014210555,115.766129345,"5","Mosman Park (T)","57080",20,-31.959139815,115.8528991,10.2242882188086
"461","55810",-28.290820645,117.96655501,"5","Mount Magnet (S)","57080",20,-31.959139815,115.8528991,454.776520827143
"462","55880",-30.29375912,118.000630255,"5","Mount Marshall (S)","57080",20,-31.959139815,115.8528991,275.767573214462
"463","55950",-30.636835465,118.286481425,"5","Mukinbudin (S)","57080",20,-31.959139815,115.8528991,274.1683662222
"464","56020",-28.414330085,115.655236525,"5","Mullewa (S)","57080",20,-31.959139815,115.8528991,393.423128072424
"465","56090",-31.884556065,116.2155053,"5","Mundaring (S)","57080",20,-31.959139815,115.8528991,35.2759666758892
"466","56160",-27.008928045,116.41204667,"5","Murchison (S)","57080",20,-31.959139815,115.8528991,551.37183612403
"467","56230",-32.62390994,115.965376255,"5","Murray (S)","57080",20,-31.959139815,115.8528991,74.4750460809909
"468","56300",-34.134657535,115.673754335,"5","Nannup (S)","57080",20,-31.959139815,115.8528991,241.855912386295
"469","56370",-32.02206046,118.689899295,"5","Narembeen (S)","57080",20,-31.959139815,115.8528991,268.1874615858
"470","56450",-32.99695802,117.26365592,"5","Narrogin (S)","57080",20,-31.959139815,115.8528991,175.583975961954
"471","56520",-32.937555445,117.171671725,"5","Narrogin (T)","57080",20,-31.959139815,115.8528991,164.768471814927
"472","56580",-31.974630205,115.78515283,"5","Nedlands (C)","57080",20,-31.959139815,115.8528991,6.63021749377007
"473","56620",-25.088711665,126.83493235,"5","Ngaanyatjarraku (S)","57080",20,-31.959139815,115.8528991,1316.00626906567
"474","56730",-31.69898322,116.649635405,"5","Northam (S)","57080",20,-31.959139815,115.8528991,80.7533993674649
"475","56790",-28.04956405,114.49589424,"5","Northampton (S)","57080",20,-31.959139815,115.8528991,452.717032922755
"476","56860",-31.13713893,118.2176788,"5","Nungarin (S)","57080",20,-31.959139815,115.8528991,242.329002070398
"477","56930",-31.99884872,115.76697376,"5","Peppermint Grove (S)","57080",20,-31.959139815,115.8528991,9.23807137060312
"478","57000",-29.39783628,116.53543661,"5","Perenjori (S)","57080",20,-31.959139815,115.8528991,291.38864287467
"479","57080",-31.959139815,115.8528991,"5","Perth (C)","57080",20,-31.959139815,115.8528991,0
"480","57140",-32.53173669,117.200035265,"5","Pingelly (S)","57080",20,-31.959139815,115.8528991,141.94633690456
"481","57210",-34.62508344,117.5975284,"5","Plantagenet (S)","57080",20,-31.959139815,115.8528991,337.37434197728
"482","57280",-20.792580595,118.63263699,"5","Port Hedland (T)","57080",20,-31.959139815,115.8528991,1267.76030741953
"483","57350",-32.01461403,117.3983448,"5","Quairading (S)","57080",20,-31.959139815,115.8528991,146.183041578496
"484","57420",-33.68375349,120.1533793,"5","Ravensthorpe (S)","57080",20,-31.959139815,115.8528991,445.757229463538
"485","57490",-32.306837035,115.774848595,"5","Rockingham (C)","57080",20,-31.959139815,115.8528991,39.2528957008354
"486","57560",-21.039707225,116.857430925,"5","Roebourne (S)","57080",20,-31.959139815,115.8528991,1213.96403423337
"487","57630",-28.421892735,118.98846264,"5","Sandstone (S)","57080",20,-31.959139815,115.8528991,494.850377944243
"488","57700",-32.3245189,116.04507256,"5","Serpentine-Jarrahdale (S)","57080",20,-31.959139815,115.8528991,44.3884025855028
"489","57770",-26.38916064,114.21844859,"5","Shark Bay (S)","57080",20,-31.959139815,115.8528991,637.484845120397
"490","57840",-31.9988385,115.87221888,"5","South Perth (C)","57080",20,-31.959139815,115.8528991,4.76574176732049
"491","57910",-31.89035566,115.822085775,"5","Stirling (C)","57080",20,-31.959139815,115.8528991,8.16487451352732
"492","57980",-31.96608273,115.821817935,"5","Subiaco (C)","57080",20,-31.959139815,115.8528991,3.03733747014902
"493","58050",-31.77039326,116.08745579,"5","Swan (C)","57080",20,-31.959139815,115.8528991,30.5074985412143
"494","58190",-31.605121005,117.48305699,"5","Tammin (S)","57080",20,-31.959139815,115.8528991,159.311823686009
"495","58260",-29.51385914,115.631575695,"5","Three Springs (S)","57080",20,-31.959139815,115.8528991,271.923149079152
"496","58330",-31.46991088,116.38803672,"5","Toodyay (S)","57080",20,-31.959139815,115.8528991,74.2661800174826
"497","58400",-31.166813745,117.83811965,"5","Trayning (S)","57080",20,-31.959139815,115.8528991,207.938303497414
"498","58470",-24.719344855,116.33875747,"5","Upper Gascoyne (S)","57080",20,-31.959139815,115.8528991,803.765337233069
"499","58510",-31.976505245,115.905916945,"5","Victoria Park (T)","57080",20,-31.959139815,115.8528991,5.36877409434439
"500","58540",-31.01632407,116.285464305,"5","Victoria Plains (S)","57080",20,-31.959139815,115.8528991,112.326335138104
"501","58570",-31.93137531,115.854124335,"5","Vincent (T)","57080",20,-31.959139815,115.8528991,3.08086952795056
"502","58610",-33.275013175,117.385537375,"5","Wagin (S)","57080",20,-31.959139815,115.8528991,204.89976727947
"503","58680",-32.52589117,116.566675375,"5","Wandering (S)","57080",20,-31.959139815,115.8528991,92.0588207598488
"504","58760",-31.652934095,115.72210872,"5","Wanneroo (C)","57080",20,-31.959139815,115.8528991,36.1413415806618
"505","58820",-32.8491583,115.90428672,"5","Waroona (S)","57080",20,-31.959139815,115.8528991,98.8159561083321
"506","58890",-33.44056567,116.68597376,"5","West Arthur (S)","57080",20,-31.959139815,115.8528991,181.912502707662
"507","59030",-30.88436344,118.729736175,"5","Westonia (S)","57080",20,-31.959139815,115.8528991,298.349842661466
"508","59100",-32.822108665,117.639956285,"5","Wickepin (S)","57080",20,-31.959139815,115.8528991,193.465512240995
"509","59170",-33.052168585,116.70942784,"5","Williams (S)","57080",20,-31.959139815,115.8528991,145.500404102465
"510","59250",-25.36629542,121.932431825,"5","Wiluna (S)","57080",20,-31.959139815,115.8528991,941.424912690996
"511","59310",-30.731380615,116.84853477,"5","Wongan-Ballidu (S)","57080",20,-31.959139815,115.8528991,165.850531752096
"512","59320",-33.519366025,117.33579531,"5","Woodanilling (S)","57080",20,-31.959139815,115.8528991,221.93141267799
"513","59330",-31.19528211,117.446824865,"5","Wyalkatchem (S)","57080",20,-31.959139815,115.8528991,173.391525407514
"514","59340",-15.512906515,126.587787135,"5","Wyndham-East Kimberley (S)","57080",20,-31.959139815,115.8528991,2121.9095071184
"515","59350",-28.48791062,117.158181075,"5","Yalgoo (S)","57080",20,-31.959139815,115.8528991,404.792918218326
"516","59360",-30.909374925,119.25881373,"5","Yilgarn (S)","57080",20,-31.959139815,115.8528991,344.059531081163
"517","59370",-31.917025365,116.72161872,"5","York (S)","57080",20,-31.959139815,115.8528991,82.2755749777751
"518","60210",-41.390694605,147.97476485,"6","Break O'Day (M)","62810",10,-42.893865305,147.278865715,176.596811383723
"519","60410",-42.72672678,147.242331555,"6","Brighton (M)","62810",10,-42.893865305,147.278865715,18.8061766300399
"520","60610",-41.196505405,145.81136464,"6","Burnie (C)","62810",10,-42.893865305,147.278865715,224.281520941741
"521","60810",-41.269985555,146.05915378,"6","Central Coast (M)","62810",10,-42.893865305,147.278865715,206.681749452691
"522","61010",-42.19652493,146.63934218,"6","Central Highlands (M)","62810",10,-42.893865305,147.278865715,93.594129706718
"523","61210",-41.01991499,145.083659075,"6","Circular Head (M)","62810",10,-42.893865305,147.278865715,276.468975925188
"524","61410",-42.873689595,147.44724899,"6","Clarence (C)","62810",10,-42.893865305,147.278865715,13.9373818012762
"525","61510",-42.80383055,146.529702145,"6","Derwent Valley (M)","62810",10,-42.893865305,147.278865715,62.0482671383452
"526","61610",-41.212955775,146.324012355,"6","Devonport (C)","62810",10,-42.893865305,147.278865715,202.744813145245
"527","61810",-41.047886145,147.731670995,"6","Dorset (M)","62810",10,-42.893865305,147.278865715,208.443793204303
"528","62010",-39.898975445,147.439653135,"6","Flinders (M)","62810",10,-42.893865305,147.278865715,332.88877519733
"529","62210",-41.119820515,147.01731376,"6","George Town (M)","62810",10,-42.893865305,147.278865715,198.236600606767
"530","62410",-42.27832465,147.966754925,"6","Glamorgan/Spring Bay (M)","62810",10,-42.893865305,147.278865715,88.6777069929357
"531","62610",-42.83187696,147.229536655,"6","Glenorchy (C)","62810",10,-42.893865305,147.278865715,7.97948200165694
"532","62810",-42.893865305,147.278865715,"6","Hobart (C)","62810",10,-42.893865305,147.278865715,0
"533","63010",-43.29384818,146.565555535,"6","Huon Valley (M)","62810",10,-42.893865305,147.278865715,73.1247743209106
"534","63210",-41.463405015,146.177259215,"6","Kentish (M)","62810",10,-42.893865305,147.278865715,183.106844016433
"535","63410",-39.872145975,143.9915328,"6","King Island (M)","62810",10,-42.893865305,147.278865715,433.782836205215
"536","63610",-43.213798,147.26250306,"6","Kingborough (M)","62810",10,-42.893865305,147.278865715,35.5675240680699
"537","63810",-41.235230215,146.55493997,"6","Latrobe (M)","62810",10,-42.893865305,147.278865715,193.728313807099
"538","64010",-41.32100266,147.31234885,"6","Launceston (C)","62810",10,-42.893865305,147.278865715,174.728256889183
"539","64210",-41.649516295,146.54571122,"6","Meander Valley (M)","62810",10,-42.893865305,147.278865715,150.872854701722
"540","64610",-41.879882795,147.457764175,"6","Northern Midlands (M)","62810",10,-42.893865305,147.278865715,113.593226205761
"541","64810",-42.789077795,147.69488296,"6","Sorell (M)","62810",10,-42.893865305,147.278865715,35.946528022141
"542","65010",-42.417854795,147.43413573,"6","Southern Midlands (M)","62810",10,-42.893865305,147.278865715,54.3891363456707
"543","65210",-43.044386025,147.837705075,"6","Tasman (M)","62810",10,-42.893865305,147.278865715,48.5608034207582
"544","65410",-41.30709201,145.458312225,"6","Waratah/Wynyard (M)","62810",10,-42.893865305,147.278865715,231.814587337659
"545","65610",-42.452461865,145.522642065,"6","West Coast (M)","62810",10,-42.893865305,147.278865715,152.07873528162
"546","65810",-41.264406295,146.891224815,"6","West Tamar (M)","62810",10,-42.893865305,147.278865715,183.811650628076
"547","70200",-23.73100284,133.83321725,"7","Alice Springs (T)",NA,NA,NA,NA,NA
"548","70420",-19.541536825,134.823635535,"7","Barkly (S)",NA,NA,NA,NA,NA
"549","70540",-12.538192415,130.683177905,"7","Belyuen (S)",NA,NA,NA,NA,NA
"550","70620",-21.07202859,133.499485935,"7","Central Desert (S)",NA,NA,NA,NA,NA
"551","70700",-13.04321623,131.084269825,"7","Coomalie (S)",NA,NA,NA,NA,NA
"552","71000",-12.39972282,130.876839905,"7","Darwin (C)",NA,NA,NA,NA,NA
"553","71300",-12.661750305,135.822810045,"7","East Arnhem (S)",NA,NA,NA,NA,NA
"554","72200",-14.65011594,132.17413968,"7","Katherine (T)",NA,NA,NA,NA,NA
"555","72300",-12.50228484,131.127852765,"7","Litchfield (M)",NA,NA,NA,NA,NA
"556","72330",-24.42671422,133.4998108,"7","MacDonnell (S)",NA,NA,NA,NA,NA
"557","72800",-12.49620384,130.977968205,"7","Palmerston (C)",NA,NA,NA,NA,NA
"558","73600",-15.305634715,134.973553985,"7","Roper Gulf (S)",NA,NA,NA,NA,NA
"559","74050",-11.553242505,130.78178859,"7","Tiwi Islands (S)",NA,NA,NA,NA,NA
"560","74500",-15.929201895,130.761661455,"7","Victoria-Daly (S)",NA,NA,NA,NA,NA
"561","74560",-12.442369055,130.74982042,"7","Wagait (S)",NA,NA,NA,NA,NA
"562","74660",-12.387225295,133.379350815,"7","West Arnhem (S)",NA,NA,NA,NA,NA
"563","79399",-18.63310453,133.406496275,"7","Unincorporated NT",NA,NA,NA,NA,NA
"564","89399",-35.52263975,149.08098101,"8","Unincorporated ACT",NA,NA,NA,NA,NA
"565","99399",-22.806614,123.794883715,"9","Unincorp. Other Territories",NA,NA,NA,NA,NA
